timestamp,temp,humidity,wind_speed,clouds,pressure
2025-05-15 07:22:56.060167,30.248357076505616,69.86173569882881,4.194306561430208,47.61514928204013,1009.8829233126384
2025-05-15 07:27:56.060163,29.88293152152541,71.57921281550739,4.230230418745872,37.65262807032524,1010.271280021793
2025-05-15 07:32:56.060160,29.76829115359377,69.53427024642974,4.07258868146981,30.43359877671101,1009.1375410837435
2025-05-15 07:37:56.060158,29.718856235379512,68.98716887966557,4.0942741997785825,35.45987962239394,1009.2938481493323
2025-05-15 07:42:56.060155,30.732824384460777,69.77422369951347,4.020258461406377,32.87625906893272,1009.7278086377374
2025-05-15 07:47:56.060152,30.055461294854933,68.8490064225777,4.1127094055037015,36.99680655040598,1009.8541531251034
2025-05-15 07:52:56.060150,29.6991466938853,71.85227818450893,3.99595083257862,34.7114453552205,1010.4112724560516
2025-05-15 07:57:56.060147,29.38957817501449,70.20886359500476,3.412098962836067,33.359069755507846,1010.0984306179346
2025-05-15 08:02:56.060145,30.369233289997705,70.17136828118997,3.9653055152835277,38.494481522053555,1009.2607390048163
2025-05-15 08:07:56.060143,29.640077895802644,69.53936122904021,4.317136667865674,41.718091447842305,1009.1184799223187
2025-05-15 08:12:56.060142,30.162041984697396,69.61491771958369,3.7969233999082124,43.058381444204336,1010.515499761248
2025-05-15 08:17:56.060140,30.465640059558098,69.16078247677736,3.907236287244636,41.65631715701782,1010.4877725635612
2025-05-15 08:22:56.060139,29.760412881077354,69.81434102333618,3.6680995077981917,34.01896687959665,1010.4062629111971
2025-05-15 08:27:56.060137,30.678120014285412,69.92798987841967,4.301059869367608,41.808180125238174,1009.6774401226975
2025-05-15 08:32:56.060136,30.180697802754207,71.53803656646596,3.9892521882670144,47.82321827907003,1008.6901274479551
2025-05-15 08:37:56.060134,30.410951252187612,70.08704706823818,3.9102977948602398,40.458803882677515,1009.0062155426996
2025-05-15 08:42:56.060133,29.890164056081243,70.35711257151175,4.443368213422454,37.40864890863176,1009.5957531985534
2025-05-15 08:47:56.060132,29.74912147820773,70.91540211770207,4.098625332897905,37.351198981164806,1010.2566337165567
2025-05-15 08:52:56.060130,30.04853877467402,70.9686449905329,3.7893840718367944,38.36168926701116,1009.803945923434
2025-05-15 08:57:56.060129,29.268242525933942,70.29612027706457,4.078316581653967,40.025567283212304,1009.8827064333125
2025-05-15 09:02:56.060128,29.292314628974793,69.57935467723465,3.897185645041969,35.9886136538919,1009.919357144167
2025-05-15 09:07:56.060126,30.202025428407268,71.88618590121052,4.052373343849552,41.28775195361382,1009.962777042117
2025-05-15 09:12:56.060125,29.04061439235048,69.97348612455079,4.018069062982308,52.316210562426434,1009.9038195176095
2025-05-15 09:17:56.060123,30.150773671166807,69.96528823029476,3.6493965887141404,45.7141140725751,1010.3759665163434
2025-05-15 09:22:56.060122,30.395515973521523,69.09061254520526,4.42083829328083,32.990744686038596,1010.2934285469001
2025-05-15 09:27:56.060121,31.09522781290499,69.00946367486931,3.8301106811191685,40.498256825438204,1009.7482621729418
2025-05-15 09:32:56.060119,29.224668284466933,70.06856297480603,3.6813088858821685,42.36796215317591,1009.5402878828831
2025-05-15 09:37:56.060118,30.77496720250877,69.21674670766376,3.903381545138297,44.06758608684835,1009.384567841783
2025-05-15 09:42:56.060117,30.113729967302064,71.30714275428242,3.5177550296316316,40.92316929266152,1010.1299413971242
2025-05-15 09:47:56.060115,30.390911435888654,68.76304928912192,3.603863016074717,42.60970782808449,1010.1484923366166
2025-05-15 09:52:56.060114,30.12524642517294,70.34644820949697,3.795992583526453,41.16126848580502,1010.1465362366494
2025-05-15 09:57:56.060113,29.642824290986816,71.86577451114475,4.142149876273536,34.04348251398676,1010.3282768043169
2025-05-15 10:02:56.060111,29.51265916488634,70.78708460374246,4.3475786737022215,35.89658840824145,1010.4816880646222
2025-05-15 10:07:56.060110,30.20639046346825,70.82206015999449,4.5690378947961845,38.77305941998565,1009.6231319178213
2025-05-15 10:12:56.060108,29.55524278518724,69.18418971503456,3.976869487175769,41.70575987408322,1010.138345399665
2025-05-15 10:17:56.060107,30.413591624518013,70.0130018918779,4.436060223147195,38.67671583381022,1011.3600845832948
2025-05-15 10:22:56.060106,30.312833673882505,69.14284244358372,3.678732250581666,42.41236207621593,1009.8882686073371
2025-05-15 10:27:56.060104,30.357000247046045,70.47323762457354,3.978151326202938,35.76603140965798,1009.2425763876571
2025-05-15 10:32:56.060103,29.77674252396649,70.85639879432347,4.064228123239062,33.77130610644006,1010.0865904629256
2025-05-15 10:37:56.060101,30.19265868986442,69.11614256379886,4.046117531783659,40.29104359223,1009.4285148510847
2025-05-15 10:42:56.060098,30.17889368017414,70.56078452636824,4.324915372952583,45.26901026017451,1009.3111653160214
2025-05-15 10:47:56.060095,29.531087480042437,70.51503526720866,4.154135785273662,42.57523843153024,1011.9263657453274
2025-05-15 10:52:56.060091,30.285445255346584,71.1355656401806,4.286200529047961,43.25695625652899,1009.8423653776798
2025-05-15 10:57:56.060089,30.379484610246635,69.22717478546242,3.928954417977997,37.57318226085448,1010.0409370696932
2025-05-15 11:02:56.060086,31.157329283336754,68.13273480740826,4.205878057112354,31.936420644051744,1009.7640340671053
2025-05-15 11:07:56.060084,30.544475298483682,70.06428001909546,3.6766765666212082,36.42348145370016,1010.3397988744673
2025-05-15 11:12:56.060081,29.63481668414143,70.21645858958198,4.013671551971144,36.74199826197091,1011.0719720446626
2025-05-15 11:17:56.060078,30.316959511159006,67.97485741334239,4.055936294430828,36.69106767615806,1010.4262166673981
2025-05-15 11:22:56.060076,29.60373963078365,69.8852635585331,4.151496183694137,44.32877597085061,1009.3998517964721
2025-05-15 11:27:56.060075,29.832749382079527,69.52505468883905,3.8040012302278865,48.82727120140548,1010.2024908554805
2025-05-15 11:32:56.060073,29.36955802283248,70.91786194705477,4.63664685910379,45.16232630275574,1009.240315017023
2025-05-15 11:37:56.060069,29.757882963566875,71.26691114918663,3.7876991603143657,42.219097140731144,1010.3873170267146
2025-05-15 11:42:56.060066,29.53653476421096,69.9404746439382,3.0276197979792783,34.87806179332855,1009.8737159243034
2025-05-15 11:47:56.060064,29.376108409017576,71.63241130393163,3.57095758661181,37.79977756651508,1010.0653702886431
2025-05-15 11:52:56.060061,30.72063664453306,68.56413784882056,4.348949125646488,40.05116530509793,1009.509245674476
2025-05-15 11:57:56.060058,30.231051737131637,70.19905969557347,3.8199349368523614,40.349010424950094,1009.8073432015691
2025-05-15 12:02:56.060056,30.056758672625623,70.66213067452105,4.4758050448436055,33.810922505865754,1011.0665166873281
2025-05-15 12:07:56.060053,29.02395610023875,69.84821490496442,4.176495161945373,41.40495933867516,1009.6886502400897
2025-05-15 12:12:56.060051,29.89593887482136,69.50699906534116,3.8231905729167366,44.24801048510513,1010.1785077429826
2025-05-15 12:17:56.060048,29.653545202369674,70.89959987543325,4.092189856262983,44.0643105941948,1010.3148144209619
2025-05-15 12:22:56.060045,29.585502494538964,69.43981895980303,4.224188081536979,43.05185132716733,1009.9895492030179
2025-05-15 12:27:56.060043,30.05866369165439,71.27766489578842,3.822528583349251,42.73548690585019,1009.898903673783
2025-05-15 12:32:56.060040,29.89115939838639,71.0987768519872,4.2476249046964085,44.06754818000319,1010.6527394035771
2025-05-15 12:37:56.060037,30.01050192081638,70.68195297129496,3.9069199730219633,41.62083176244221,1009.9349284728162
2025-05-15 12:42:56.060034,30.048497982496357,70.59515702543692,3.754533795029958,50.4619363784273,1009.4969913092501
2025-05-15 12:47:56.060031,29.392905693606135,71.15811087350006,4.237498808188881,43.12059908526078,1010.3141727546322
2025-05-15 12:52:56.060028,29.993876613576543,69.10274562851417,4.022741367458118,36.61419144243944,1010.4875598667089
2025-05-15 12:57:56.060026,29.92647130924893,69.17450280320749,3.903584247504102,42.064657271378124,1009.718137723598
2025-05-15 13:02:56.060023,29.588889802216784,70.24368721149192,4.0734899713326165,37.46528412314435,1009.7644808471908
2025-05-15 13:07:56.060021,30.11602496867882,68.55191565850268,3.5777608676870334,36.40777889373782,1009.8932764241441
2025-05-15 13:12:56.060018,30.155453782799004,71.47535621694955,4.257297886960606,39.20030735018287,1009.9904918960486
2025-05-15 13:17:56.060016,29.498735317681096,69.9814868640076,3.9134024083239587,41.613592801690444,1009.5863845282238
2025-05-15 13:22:56.060013,30.259673257120586,71.53273891300258,3.9673719554629425,42.00855861049471,1010.3450719958555
2025-05-15 13:27:56.060012,29.799389764057082,70.22409248181042,4.003777720234538,40.488380492744156,1009.6134951080722
2025-05-15 13:32:56.060011,30.01225508712947,70.49799829124545,4.4353430823385125,44.79635413042603,1011.0765912287558
2025-05-15 13:37:56.060009,29.616326218555976,70.87232063672067,4.0550026017215055,50.94901466608836,1009.5958508573224
2025-05-15 13:42:56.060008,29.58013907890961,69.40060735455597,3.362831282707058,37.37122489159619,1009.6204336692232
2025-05-15 13:47:56.060007,30.075196893238104,70.34175597577716,4.562851251764766,44.75211919093025,1009.7115481721688
2025-05-15 13:52:56.060005,29.550792664325822,70.49191917150651,3.6039300378938073,49.157293829271765,1010.5897200603606
2025-05-15 13:57:56.060004,29.76541217394765,68.28686547090912,4.406161712249624,39.42730077373691,1010.6189081559868
2025-05-15 14:02:56.060003,29.202786170602817,69.40062497704622,4.001573109915455,40.23490296882371,1009.7749672642603
2025-05-15 14:07:56.060001,30.31142496617375,68.9323795706174,3.957286154493612,40.601478158559495,1010.2572194170293
2025-05-15 14:12:56.060000,30.355807439044444,68.87535790816213,3.5397657487793133,46.38838410949255,1010.1661570059898
2025-05-15 14:17:56.059998,29.625756731721722,71.55115197552253,4.034702390287857,45.89648592031913,1010.0337592407051
2025-05-15 14:22:56.059997,31.030373962440994,71.7553408424432,3.925310755456278,44.85785475477178,1010.3226879747925
2025-05-15 14:27:56.059996,30.684315778766173,69.03507653941989,4.205815437999532,45.292122434247936,1009.1206302567884
2025-05-15 14:32:56.059994,29.408370743667113,67.9607678222399,3.919177949666633,43.58771127897981,1010.751178526048
2025-05-15 14:37:56.059993,30.03704739020989,71.6286155455713,3.585969562535533,31.483087803224226,1009.9722261505517
2025-05-15 14:42:56.059991,30.192032724469655,69.96730525190591,3.379767369988037,39.55439980243606,1009.3477652497476
2025-05-15 14:47:56.059990,30.334836274415018,70.36659824609684,3.7180360641017933,37.43066541331653,1009.4703932390555
2025-05-15 14:52:56.059986,29.968660451363416,70.95514232050124,3.704282186099337,42.52023257758922,1009.7348711908138
2025-05-15 14:57:56.059983,29.603563583868826,69.89296964004544,3.6894273032741878,37.23175347326409,1009.4010610537056
2025-05-15 15:02:56.059980,30.982362566458196,70.03526355197172,3.7900823476022243,41.06989955367111,1009.9438359751546
2025-05-15 15:07:56.059978,29.88951520023339,70.61416670004343,4.2272523130141915,37.34749426194736,1009.7120908796777
2025-05-15 15:12:56.059975,29.862474151424177,67.69807883526441,3.5454426813404343,46.83437133722262,1010.8224838567506
2025-05-15 15:17:56.059972,29.87548198022181,70.57655696305576,4.093375046363061,55.39440404227619,1010.5597874557172
2025-05-15 15:22:56.059969,29.936041204259617,69.04445955939957,3.5180661039227283,41.017318179336115,1009.6218246273578
2025-05-15 15:27:56.059967,29.288873145201162,69.35342711575747,3.6755355989156815,48.43570817536282,1010.4408198784747
2025-05-15 15:32:56.059964,29.99601367934169,71.47994413889002,4.023210492294285,35.693578993358685,1010.7615620386348
2025-05-15 15:37:56.059962,30.26945502184233,68.96275384567355,3.9428983965749174,35.62190873307621,1009.3086001345179
2025-05-15 15:42:56.059951,30.463088773765822,71.90941664047013,3.580429727854258,42.81484618345286,1009.6746787154391
2025-05-15 15:47:56.059950,29.75643730811765,69.40760607576114,3.7408027690960552,40.24260813972413,1009.5845249417945
2025-05-15 15:52:56.059948,30.13522841288992,69.94976189055086,3.928315585940077,35.46218168979201,1009.7116143347158
2025-05-15 15:57:56.059947,30.377695612912877,70.50091718762438,3.706733426560435,40.49666152714613,1010.3756935616859
2025-05-15 16:02:56.059945,29.165297359439315,70.54336019237994,3.801212872316246,42.852993342965796,1009.6183704217287
2025-05-15 16:07:56.059944,29.09755894966774,68.37245756211684,4.014425483998415,41.29861250860741,1009.5478416874478
2025-05-15 16:12:56.059942,30.319296229388687,68.33847993773104,3.980176060405805,33.94491900118771,1009.6740819460989
2025-05-15 16:17:56.059941,30.023699335658208,69.13958663471605,3.8846333367310524,45.0314640460722,1009.7115540652384
2025-05-15 16:22:56.059939,30.41784605603257,68.87029314534239,4.158941253374585,47.207843103289505,1008.7641777499364
2025-05-15 16:27:56.059938,29.601552372264763,70.57707212718054,3.939086384187102,41.85572936685654,1009.6980074066421
2025-05-15 16:32:56.059936,30.04329489373645,69.84432276460792,4.350334618497942,41.272104216506065,1010.1688013310376
2025-05-15 16:37:56.059935,29.794061516938765,69.5123937759275,3.870232543654114,41.97226071189149,1009.7895077595899
2025-05-15 16:42:56.059933,30.144887428448207,72.07540079864543,4.2613374110295075,38.369882339160796,1010.600606961082
2025-05-15 16:47:56.059932,29.795962313489223,67.96187546482214,3.6975741067247787,30.646040394870724,1009.8242432579793
2025-05-15 16:52:56.059930,30.009209189594777,71.67643731227528,4.0980782121292485,38.90449735595568,1010.4147027905917
2025-05-15 16:57:56.059929,28.894432345496057,70.23561455810857,4.23125955816609,32.60706877110079,1010.5718770216034
2025-05-15 17:02:56.059927,30.169248203747205,69.5847120860992,4.189834559831885,51.35346428902198,1010.0909331275293
2025-05-15 17:07:56.059926,30.124110293150167,69.54063910045976,3.7450466891605627,44.15167908272123,1009.5719580870456
2025-05-15 17:12:56.059924,30.035783118609697,69.52234255323488,4.143693947723918,41.668310526434745,1010.5187699721289
2025-05-15 17:17:56.059923,29.744991800572627,69.73012506470663,3.706370885265308,37.778533699619445,1010.1886502465225
2025-05-15 17:22:56.059921,30.378494308322676,69.07783467582237,4.260881776031698,46.778189294024756,1010.2067174516119
2025-05-15 17:27:56.059920,30.938397906279032,69.22621080089642,3.626603589006575,31.106398755478608,1010.7480221557446
2025-05-15 17:32:56.059918,30.32718282817703,69.94441532908955,4.083990587895946,34.37255476350812,1011.2228759898084
2025-05-15 17:37:56.059917,30.064610590987613,70.1093947946049,4.217729987169608,42.40504615868357,1010.1119420121396
2025-05-15 17:42:56.059915,29.604762772277343,70.47146835713599,4.56460734894251,46.72710023077489,1010.7965933133197
2025-05-15 17:47:56.059914,29.744392161784408,69.01039517974142,3.9622639239701054,40.27862456144347,1010.5470957592355
2025-05-15 17:52:56.059912,29.15376768514259,71.52955031946061,3.952597630426303,37.8655946502629,1009.4939478123699
2025-05-15 17:57:56.059910,29.172571664067114,70.82317058396191,4.021995390156521,33.55019550129473,1009.3524606139682
2025-05-15 18:02:56.059909,29.832107650354935,71.6690215252894,3.9221225945909186,32.48428523440947,1009.877128467957
2025-05-15 18:07:56.059907,29.863638215126166,67.30311335705842,3.9837115400446566,38.84532734895661,1010.3481031824067
2025-05-15 18:12:56.059906,30.92447804747267,71.12656502954776,3.919333392833551,34.46737045629165,1011.2866799016249
2025-05-15 18:17:56.059904,30.029609217007245,70.01392929191294,3.992762473866999,40.99042380383928,1009.927819794038
2025-05-15 18:22:56.059903,29.713168996559883,69.45314105875961,3.9901740189352006,37.282876144331176,1009.6435771086614
2025-05-15 18:27:56.059901,30.053215113845948,69.74502278257914,4.451197896574807,26.74515095803494,1010.5457534259613
2025-05-15 18:32:56.059900,30.623042596248816,67.92660976759186,3.897193721775895,38.142795670021044,1009.2962441526411
2025-05-15 18:37:56.059898,29.61109165620456,68.88942415453417,4.525681133027087,44.678391965737305,1010.6357775474971
2025-05-15 18:42:56.059896,30.360836032021616,68.87094822878277,3.842643920116068,42.44687280613959,1009.3889360955541
2025-05-15 18:47:56.059895,30.356499215086195,69.75967460184187,3.887553757735121,43.554799841017456,1010.222131655743
2025-05-15 18:52:56.059893,29.81951691709046,71.15932980336424,3.6756810017200308,43.07967803472132,1010.2965506289842
2025-05-15 18:57:56.059892,29.845226780343005,70.32613302224212,3.624665927084409,44.6201350960345,1009.9075489317785
2025-05-15 19:02:56.059890,29.73863848974048,71.04900922583688,3.788696892837172,32.957693518182204,1009.221685413238
2025-05-15 19:07:56.059889,30.30300497567282,68.71957064750372,4.526438254595309,29.59035296058139,1010.848228184145
2025-05-15 19:12:56.059888,30.105508733601308,69.90328688812961,3.836524273957315,41.99568057176035,1009.9811826487876
2025-05-15 19:17:56.059886,30.551650941008262,70.11422764866204,4.045090528438563,38.18193893893072,1009.9715271881395
2025-05-15 19:22:56.059884,30.15390088444603,68.28983160734337,3.595544373368286,43.71632047011357,1010.085432719064
2025-05-15 19:27:56.059883,29.90800833182366,70.0184339330654,4.1042745116085015,37.30120159845319,1009.6108476372989
2025-05-15 19:32:56.059881,30.09792262754884,69.02162722238496,4.122475826714341,31.4870819788108,1010.5145778186628
2025-05-15 19:37:56.059877,30.23629874120652,70.25602973431387,4.294807295183654,48.32737222231288,1010.507185032509
2025-05-15 19:42:56.059876,29.079562884334177,68.7204230332643,3.8125544266912965,40.130455251054165,1010.2588295102346
2025-05-15 19:47:56.059874,29.637128093423268,70.18676676447708,3.7733851202940034,36.94241098504026,1009.2966694515759
2025-05-15 19:52:56.059873,29.538383376944548,68.64831539438367,3.7072380241068004,45.2682089830392,1009.5253005555841
2025-05-15 19:57:56.059871,31.316191032418697,70.4933179008809,4.055450837108462,35.70821109909393,1010.3501549397045
2025-05-15 20:02:56.059870,29.712181086881113,70.12200981464537,4.768025361480638,39.519700501376754,1010.5746366631429
2025-05-15 20:07:56.059869,29.648411787437055,69.96501150950304,4.531240190690653,36.86516471106116,1010.9062242789985
2025-05-15 20:12:56.059867,30.35387596772774,69.43753322410574,4.189722321716657,44.86277224813365,1010.3109049811086
2025-05-15 20:17:56.059866,29.214887640054773,69.27286282417514,3.9257444093345484,39.62783285449977,1010.3103360487753
2025-05-15 20:22:56.059864,30.088850500466627,68.6646556412899,4.114059355301789,43.05292872641912,1010.2798952239655
2025-05-15 20:27:56.059863,30.540390362777313,70.8339221545489,4.137754023768531,39.649171442706766,1009.169519533242
2025-05-15 20:32:56.059862,30.214809109566293,70.20768768716312,4.081473651158612,33.61625712089845,1009.4594717297958
2025-05-15 20:37:56.059860,30.526576426666452,69.96044484614335,4.204450209211787,40.14159188065231,1010.0148780697479
2025-05-15 20:42:56.059859,30.469141902988,69.48395527178262,4.028836233082295,37.68862355647479,1009.7827518862838
2025-05-15 20:47:56.059858,29.84541393826568,70.22213377163371,3.856375413500957,46.278780627867604,1009.5526963488902
2025-05-15 20:52:56.059856,29.90656417791932,69.56026894172582,4.43409336530612,40.98277388255787,1010.5159222697343
2025-05-15 20:57:56.059855,29.257219813481512,70.26705026586926,4.266889238687031,40.41141994637712,1010.5327401875327
2025-05-15 21:02:56.059853,29.741355774949813,71.40934744018558,4.689669437085775,38.18580719780171,1009.7772487392996
2025-05-15 21:07:56.059852,30.72669223855885,71.57957214573071,3.8431419918540195,37.89906591452071,1009.8591076955697
2025-05-15 21:12:56.059851,29.327774744482863,69.0813480535158,3.69875776997438,36.16101217447936,1009.9826575563067
2025-05-15 21:17:56.059849,30.11710736626826,71.55050049281408,3.700493787778363,44.92161199238292,1009.8930055778873
2025-05-15 21:22:56.059848,29.975268145173782,70.6748194921666,3.6631833935313103,41.912048730920255,1010.0832261041065
2025-05-15 21:27:56.059846,30.246225632004073,70.28916864390781,4.736590041973268,36.81130007874342,1009.734501522499
2025-05-15 21:32:56.059842,29.68842973678762,69.44452288083974,3.8087838618080445,45.94508265553776,1010.7102521239949
2025-05-15 21:37:56.059840,29.71462685312526,69.16764442689578,4.141424666915921,37.23888477859514,1010.3164659088777
2025-05-15 21:42:56.059837,30.10146151042565,68.48425588500277,4.464251560399019,48.97938836547761,1009.6936056547578
2025-05-15 21:47:56.059834,29.806149220032008,70.28586539072491,4.100337036996107,43.29272136336415,1011.0051022693832
2025-05-15 21:52:56.059832,29.911526386252977,69.20170275546154,3.5862042315956417,36.34534980029041,1009.9834365135631
2025-05-15 21:57:56.059829,30.897278931758894,69.48238870096382,4.067136385491669,39.917885519636236,1010.5941966367241
2025-05-15 22:02:56.059826,31.263466212936812,69.46913122707969,3.8531681672445335,45.22080438534536,1010.3409457448132
2025-05-15 22:07:56.059824,30.923353662868017,70.58392818532596,3.892212372763882,42.95327415346155,1010.5543517902914
2025-05-15 22:12:56.059821,30.41024109059868,70.5072740311073,4.320002406876746,45.84647795222836,1010.6910794955188
2025-05-15 22:17:56.059819,30.32435494379482,69.83288191968315,4.044014105929997,46.03254483254179,1009.5915321645064
2025-05-15 22:22:56.059816,30.18433665443645,69.60666118767264,4.008623446880446,46.39225931303649,1010.0955495340099
2025-05-15 22:27:56.059814,30.023218274078076,68.64014385902009,4.223876069808166,43.22742090570538,1011.0816273616527
2025-05-15 22:32:56.059812,29.8461108825235,70.21915032766394,4.074815105113227,47.887266398817374,1009.9523522338066
2025-05-15 22:37:56.059810,30.13951076288517,70.60789650971654,4.055982736946907,37.76783192724736,1010.0970449964492
2025-05-15 22:42:56.059809,30.536815874929886,68.97348470058894,4.039890902244063,36.499395925304135,1010.5975233144625
2025-05-15 22:47:56.059807,29.23840654760811,69.44107815272841,4.1131635625193566,47.827620146171704,1009.9671248694635
2025-05-15 22:52:56.059806,29.7224002366534,71.88115706944059,3.565595829875127,29.00597021689959,1010.2200072250266
2025-05-15 22:57:56.059805,29.748972887823694,68.97876718286929,4.212506934189806,41.219003568855996,1009.7179606846316
2025-05-15 23:02:56.059803,29.359847800664554,70.87245732828015,4.195060353387598,39.50412068110309,1010.9233184980238
2025-05-15 23:07:56.059802,29.464957616836923,68.47447482907526,3.7924275790356266,39.77206991822251,1010.1216697246614
2025-05-15 23:12:56.059796,29.879381971071837,70.3520553965143,3.624538172742867,47.2188230203663,1009.9589244108037
2025-05-15 23:17:56.059795,30.558647915794065,70.3427253463777,4.137025965746135,42.84883640116102,1010.2238542800087
2025-05-15 23:22:56.059794,30.321361379933773,71.32915253013243,4.058956350910441,43.54501878794256,1009.9551321528564
2025-05-15 23:27:56.059792,30.720058607724738,69.32360769794073,4.540282129873245,39.79921024677828,1009.284612448941
2025-05-15 23:32:56.059791,30.064052207455394,69.31894834252512,4.252193064696617,36.73688010348805,1009.7769082833926
2025-05-15 23:37:56.059789,29.055229634527233,69.54769368075092,3.272836202011313,32.08048588257138,1010.3802073280722
2025-05-15 23:42:56.059788,30.392900079325415,70.42545756178497,3.7099071570612363,39.7614432192901,1009.9981987304548
2025-05-15 23:47:56.059787,29.420817655403727,71.50339830176715,4.2632086871727015,38.89517913085168,1010.0134429194973
2025-05-15 23:52:56.059785,30.104191403973775,67.95826513157571,3.925846785243821,36.59007876001101,1009.4991899950526
2025-05-15 23:57:56.059784,29.859449853557024,71.79768652684952,4.192252858380103,37.144105051086015,1010.2862913906781
2025-05-16 00:02:56.059783,30.699677718293,70.92463368291277,4.017889110976053,36.76531611147213,1010.3491116568068
2025-05-16 00:07:56.059781,30.196742692710874,70.89519322002774,4.1905515405045906,45.247763576596675,1009.7323823942197
2025-05-16 00:12:56.059780,30.658697032817162,70.1975996046924,4.62257826178758,36.55406090955216,1010.8679819015827
2025-05-16 00:17:56.059778,30.098955391731323,69.34858199638555,3.8548342497837034,38.3982634590284,1010.212082973201
2025-05-16 00:22:56.059777,30.26141774401775,69.42629999606142,3.9926936223217053,50.71135179305932,1010.8637715850504
2025-05-16 00:27:56.059776,30.218161834837016,70.0380034781682,4.036009398015478,43.06758986365208,1009.4886037174008
2025-05-16 00:32:56.059774,29.871311731288326,68.33141592612242,4.119766936781584,43.2359796985137,1009.7584067688504
2025-05-16 00:37:56.059773,30.786993381645015,68.77423433699767,3.560687535937054,41.12225909279986,1010.523549151306
2025-05-16 00:42:56.059771,30.841963845728934,69.54111573713107,4.323604250029389,39.80745765249647,1009.9136863500296
2025-05-16 00:47:56.059770,30.441829968743335,70.65232287841341,3.527082352904725,47.38270174862948,1010.6900456770737
2025-05-16 00:52:56.059769,29.687218649245235,70.39580353343742,4.148209055884822,41.303368829119535,1009.7248474230773
2025-05-16 00:57:56.059767,29.664188316030973,69.97444592900855,4.351818705777809,42.71800077297216,1009.814692833957
2025-05-16 01:02:56.059766,30.385849355324172,67.15145737936993,4.344629710111631,31.301431106109504,1009.8187795292985
2025-05-16 01:07:56.059765,29.44016505268693,68.7053185242791,4.348248036213556,37.661493993440544,1010.1732519408654
2025-05-16 01:12:56.059763,29.97653971056041,70.47704082722312,4.023046567318077,33.58503887905715,1010.4981334097236
2025-05-16 01:17:56.059762,29.753121708419343,68.44341810134024,3.871565451710226,47.503798953171554,1010.4251108710567
2025-05-16 01:22:56.059760,29.82567393279607,69.65074229568157,3.9035094846347853,50.383739917804206,1010.1909677261158
2025-05-16 01:27:56.059759,30.215020823595534,71.03028345403185,4.071636747707954,38.704789270896484,1009.9018250754575
2025-05-16 01:32:56.059758,29.964199370292967,69.96277776349015,4.218288863091094,40.2597294290365,1010.3663200386078
2025-05-16 01:37:56.059756,29.959641709945707,70.07863519031609,3.400539794640368,44.581638373512405,1010.173244237949
2025-05-16 01:42:56.059755,30.499005054929825,67.10374462180631,4.626512411434218,39.30205185922413,1010.5540914083688
2025-05-16 01:47:56.059754,29.480047036437234,70.61277390506257,3.683975331047903,36.88115519652097,1010.9570156769333
2025-05-16 01:52:56.059752,29.90465879961833,70.21743287317972,4.261020319206626,42.47840943986302,1010.0752094525718
2025-05-16 01:57:56.059751,30.182480501233112,72.40341558523828,3.9827143608899243,41.005495233574834,1010.5253271980038
2025-05-16 02:02:56.059750,30.55276296647899,71.18703030556038,4.191619066608755,34.28497543634758,1010.8167157661505
2025-05-16 02:07:56.059748,29.426827303490654,70.30263546523904,3.7737172449941925,39.67930826703504,1010.1643812051517
2025-05-16 02:12:56.059747,30.160678607725135,70.42192075423529,4.484113380717594,42.2676715075699,1009.8779216823547
2025-05-16 02:17:56.059745,30.48204358414418,71.18947048892464,3.6317176554589023,42.98700034924929,1010.3505863711555
2025-05-16 02:22:56.059743,29.851218248320006,71.37570681331162,3.954983323890242,40.62788226735771,1009.9134640878581
2025-05-16 02:27:56.059742,30.007789523790734,68.9037249131048,3.5679847352217116,47.97252531612486,1009.5765193258409
2025-05-16 02:32:56.059741,29.504303825271847,67.84660988639628,3.8083114756931495,33.384551032962506,1010.8210075800682
2025-05-16 02:37:56.059739,30.504908544671316,69.31184965482228,4.675730741603292,44.90882743495797,1009.8375843082457
2025-05-16 02:42:56.059738,28.750297142563213,72.29094257259074,3.583128259970921,31.773006265215542,1010.5112852160048
2025-05-16 02:47:56.059737,31.219876203169637,71.38427281851052,4.169172736015708,42.97377170832643,1010.4267077793902
2025-05-16 02:52:56.059735,30.37946429489338,70.28119142396937,4.031260331185563,39.68703436050239,1009.6230177055667
2025-05-16 02:57:56.059734,29.859662461566614,68.30704318580462,3.970498111961575,35.057044464245415,1009.4482053413922
2025-05-16 03:02:56.059733,30.089947075576738,71.39200228634459,4.275494981800694,32.14749698188412,1009.5051859317148
2025-05-16 03:07:56.059731,30.47038559399411,69.0175126064617,3.9326100550008927,42.75026049512276,1009.5158277725682
2025-05-16 03:12:56.059730,30.05268775307298,68.66597450508179,3.819589706814636,41.598909670712686,1009.2035031332342
2025-05-16 03:17:56.059728,30.2202373689802,69.98036220107332,4.165746986325145,41.119570670323306,1010.6820702149869
2025-05-16 03:22:56.059727,30.062612251323955,69.57059445887475,4.036689250909685,42.716490145181936,1010.0244300351628
2025-05-16 03:27:56.059726,30.02029584560194,69.29800831219325,3.8011297247347153,32.98697364100153,1010.8747883715935
2025-05-16 03:32:56.059724,29.378068382304356,69.30709480220409,3.784477820329241,44.474621884722204,1009.8525251608539
2025-05-16 03:37:56.059723,30.623871036336865,69.32650937575613,4.08369824866714,35.823264733701215,1011.0725745638867
2025-05-16 03:42:56.059722,29.406200790485244,70.30982071022703,4.19013306427963,42.06899548725749,1009.9073561705611
2025-05-16 03:47:56.059720,29.935089650133285,70.04381147197911,3.9558993995114533,44.81939558397455,1011.1052615007957
2025-05-16 03:52:56.059719,29.721254107496083,68.63019702042092,3.9735153854946237,52.898546688271594,1009.5981627160152
2025-05-16 03:57:56.059715,30.819558402722034,71.67770081407645,3.8339235274876016,42.84491539592638,1010.8141983115643
2025-05-16 04:02:56.059709,29.810436129506257,69.79641963989764,3.825495725815407,34.92621634653567,1009.675361227467
2025-05-16 04:07:56.059706,29.388029866618872,70.03408346825923,3.7690080306824076,41.168929558953735,1009.2220521768982
2025-05-16 04:12:56.059704,30.165440116107227,70.83352896160892,3.4018793072285636,41.87028284923786,1010.6138344962367
2025-05-16 04:17:56.059701,29.395179490654396,71.6725723868377,4.125705702809814,36.47494072120796,1009.9721154611711
2025-05-16 04:22:56.059698,30.27916345626086,70.07600539141241,4.161626797733911,35.39663203460317,1010.0846804120181
2025-05-16 04:27:56.059695,29.29314275154751,69.8887739386513,3.728827707560563,36.322350287051165,1010.6180465876052
2025-05-16 04:32:56.059693,30.545655060297136,70.60913812090718,3.6723061705982265,38.41795775152599,1010.6065488499896
2025-05-16 04:37:56.059690,30.070858456819952,72.3193295399817,4.117995351818312,40.960245582450156,1009.8454417678987
2025-05-16 04:42:56.059688,30.06677045239114,69.84753016361945,4.212432603006577,44.783511583972924,1009.607005269746
2025-05-16 04:47:56.059685,29.33438352322111,68.1637946268967,4.152397398073763,34.483166969130636,1008.9235547035238
2025-05-16 04:52:56.059683,30.19428930226548,72.49299951743279,3.998178726538032,44.19245387225821,1010.0409146792738
2025-05-16 04:57:56.059680,29.950555173404428,70.91907648298776,3.9129176367434044,41.33696157035951,1010.160848903098
2025-05-16 05:02:56.059677,29.665954773178477,70.99204234953652,3.9475120729913775,36.221274202535774,1010.2682549217852
2025-05-16 05:07:56.059675,29.550766009104482,70.02818115736913,3.997264301006739,45.42947782915789,1010.23734911644
2025-05-16 05:12:56.059672,29.987486520627428,70.81776629920029,4.417062264705194,42.78905153175931,1010.0051763099217
2025-05-16 05:17:56.059669,29.34408188382492,68.93488633692462,3.9084325886935996,36.952438989203586,1009.9065143485072
2025-05-16 05:22:56.059666,30.028324962448554,70.52969275435673,3.9788503665822725,42.43250821913101,1010.032237207405
2025-05-16 05:27:56.059663,29.012266716823063,69.06066460618125,3.9567737332835153,33.951526285794465,1010.2999643649981
2025-05-16 05:32:56.059661,30.76537541617185,71.21876185169732,3.9359671387209376,47.45363068424976,1010.074333728601
2025-05-16 05:37:56.059658,29.831457014440982,69.38659733645906,3.9092590940535614,38.05911590729386,1010.0852081111877
2025-05-16 05:42:56.059655,30.080286990524932,70.00304602015342,4.131081450923905,45.95323137393171,1010.4747770677207
2025-05-16 05:47:56.059653,29.25755101577505,67.44607886509804,4.280295973371782,33.165606507922895,1009.8876172990537
2025-05-16 05:52:56.059650,29.41494348697032,68.19801956241999,4.162438818461436,43.79577580151324,1009.7117447996367
2025-05-16 05:57:56.059647,28.704478853927544,69.45375555174752,4.117541201620764,32.60544215612936,1010.0916799598896
2025-05-16 06:02:56.059636,29.992345075413503,70.57929149960108,4.035874110524246,35.134655295592225,1010.5982857508322
2025-05-16 06:07:56.059635,29.920735213486516,69.97269546049007,3.7200196122780413,37.78358874404245,1009.5575986429866
2025-05-16 06:12:56.059634,29.913526970038287,71.71170848014235,3.588429657120593,31.932193010616295,1010.7355851637468
2025-05-16 06:17:56.059632,29.895338161424068,69.33092726134008,4.311971406218823,36.97192230131568,1010.9130048567735
2025-05-16 06:22:56.059631,30.338962935669635,69.5120885918543,4.647192463979651,36.971425384983306,1010.3710476860047
2025-05-16 06:27:56.059630,30.149646290203247,71.30174128939879,4.4684533590180555,40.160020745328836,1009.623291064827
2025-05-16 06:32:56.059628,30.229986071469558,69.32228463024789,4.604016174257987,40.68267665541369,1009.817339224344
2025-05-16 06:37:56.059627,30.092340152932454,68.6528737104703,3.7085157884468045,46.00206953972213,1009.6715528605143
2025-05-16 06:42:56.059626,29.476544508659032,70.53665275252729,4.355711246398899,43.594766553325336,1010.4980238429029
2025-05-16 06:47:56.059624,29.62160245571527,68.57818933325815,4.450400095586646,38.38660080578932,1009.8745834917725
2025-05-16 06:52:56.059623,30.66409707092453,70.55623000940066,4.136766331624482,50.825011724505416,1009.67824088481
2025-05-16 06:57:56.059622,30.463920064040618,70.05701312489708,4.080577683658977,47.64234213206266,1010.2539178781448
2025-05-16 07:02:56.059620,30.269148039524815,71.0725073373098,3.890514181137134,35.80395166330497,1009.4775954029894
2025-05-16 07:07:56.059619,29.016821705311997,72.05620712994032,3.669037490283495,38.89373188207114,1009.8615933500555
2025-05-16 07:12:56.059617,30.15370334890455,70.81573721253929,4.258142046507924,37.08461280715531,1009.9164391431068
2025-05-16 07:17:56.059616,30.14128997524415,69.75130887381646,4.482203672805998,42.45487475819126,1010.3674388930249
2025-05-16 07:22:56.059614,30.331440634333706,71.17347385748532,4.054306467611112,33.51584026022077,1010.1998439758763
2025-05-16 07:27:56.059613,29.674321553104086,69.47138331825025,4.175909205626528,46.19141535716818,1010.0106357883681
2025-05-16 07:32:56.059610,30.154416506299484,71.70221494463524,4.07222595384657,53.008415570901974,1010.2827548228157
2025-05-16 07:37:56.059609,29.11961862042209,70.75334162110454,4.114347515464833,46.44876377041373,1010.336590675635
2025-05-16 07:42:56.059607,29.930772008008113,68.77570176371063,3.9372930228141922,35.7473977289535,1009.7097382750976
2025-05-16 07:47:56.059606,30.294289202210305,71.66990450435141,4.118401458946894,34.02058468982408,1010.22230133411
2025-05-16 07:52:56.059605,30.598315743322825,69.39021709568061,3.959794849998125,40.07344097364599,1009.6075508434589
2025-05-16 07:57:56.059603,30.32414021692193,69.87905185139222,4.125859733172108,35.5625391109895,1009.7812708498383
2025-05-16 08:02:56.059602,30.361190678913886,69.62716684790823,4.5180891553700215,38.00181907192699,1010.1123423628759
2025-05-16 08:07:56.059600,30.466295415936546,68.58163426706697,3.4717573564057673,32.371718427149524,1010.6312920517136
2025-05-16 08:12:56.059599,29.724070927053777,72.55819928566825,3.8307257204027834,40.922756515985185,1010.771054976284
2025-05-16 08:17:56.059598,31.003046444079562,72.0615035766364,4.362509869177943,45.12031262905731,1010.2962634746006
2025-05-16 08:22:56.059594,30.38918053808332,69.44881428367147,3.7545403349733077,39.98312771294524,1009.9149076887376
2025-05-16 08:27:56.059582,29.773385975336364,70.69638744745671,4.286591562571153,40.442034431459234,1010.7387650405276
2025-05-16 08:32:56.059579,29.429155442933247,69.80634054072029,3.7849533038191585,30.6673169146347,1009.9586596570787
2025-05-16 08:37:56.059576,29.939126245808357,71.51344974324213,4.189243505366433,34.87906587835398,1010.9270462831671
2025-05-16 08:42:56.059573,30.610516847762675,70.58209770346862,3.9320547703450504,35.2028038163826,1009.8138966119644
2025-05-16 08:47:56.059571,30.544374309852092,71.8845863059346,4.462973058481657,37.55575289106863,1009.4401912833555
2025-05-16 08:52:56.059568,30.0704431234556,68.23156063443714,4.096950314255435,39.261987068506656,1009.7669817490658
2025-05-16 08:57:56.059565,29.202648466366604,70.51360010656971,3.8401897481014267,34.15041582144856,1008.5638688933592
2025-05-16 09:02:56.059563,29.98624254747468,71.77225159666975,4.498377764364361,37.71451871706864,1009.6988939698191
2025-05-16 09:07:56.059560,30.23438712803751,69.0016145608117,4.09053756994584,43.83040139192345,1010.6134666119422
2025-05-16 09:12:56.059558,29.949922961760024,69.79632624982304,3.7366052239730316,35.865598229800696,1009.8867605540493
2025-05-16 09:17:56.059555,30.18368275340809,70.91358462623324,3.7590463147958966,47.46344284479761,1009.8644381994787
2025-05-16 09:22:56.059552,29.98931635282578,69.25278832085218,3.2727279219181176,44.42022698180525,1010.3684219485463
2025-05-16 09:27:56.059550,29.859336221440895,70.06699071722487,4.15478176531123,32.18727071556729,1009.7354736613269
2025-05-16 09:32:56.059547,30.397132339810913,68.74571057683075,4.0880673796499885,33.21709097688297,1010.2332149912168
2025-05-16 09:37:56.059546,29.982179258851257,68.38486818409449,4.349421806337151,36.32704211600976,1009.5948737814928
2025-05-16 09:42:56.059544,30.10028459861547,71.14863734942871,3.695253454306481,40.308399249239855,1010.2144082501653
2025-05-16 09:47:56.059543,30.34655280363157,70.17644155527722,3.8898916482750034,35.8620488967564,1010.0430719415232
2025-05-16 09:52:56.059541,29.463930494007197,67.0786495165054,4.130967941247301,44.519674205430974,1008.8185337822291
2025-05-16 09:57:56.059540,29.49513464764503,70.61915426100519,4.61724864091351,40.10396853837704,1009.6359985293855
2025-05-16 10:02:56.059538,29.90855177944758,71.37487641914818,3.8062107462626393,36.004039966748735,1009.758628238909
2025-05-16 10:07:56.059536,29.523335695870642,70.1226703159948,4.487403537540868,41.615396365580146,1009.8738232489369
2025-05-16 10:12:56.059534,29.854094365542228,68.43680919130334,4.264932933144148,39.61081401493599,1009.9097600432046
2025-05-16 10:17:56.059533,31.59655378392243,70.29875290836569,3.7744626849714447,37.86821201897229,1010.5742228545984
2025-05-16 10:22:56.059531,30.056635205268883,68.56172202168263,4.275768680372561,36.65927957230503,1010.9366488881087
2025-05-16 10:27:56.059530,30.540024032857325,69.55267810434125,4.384304908520534,40.339277552637014,1010.4263868375612
2025-05-16 10:32:56.059529,30.242366408647236,69.15364334500913,3.8069350503047614,45.14980408790581,1009.8326123339467
2025-05-16 10:37:56.059527,29.798175768379,69.04487742065065,4.127079719678038,50.31262459621573,1009.4662335428728
2025-05-16 10:42:56.059526,30.01210972833638,71.41222055541543,3.9761075826262853,42.26185898124867,1009.4688032359265
2025-05-16 10:47:56.059524,30.214153548603825,69.81285573499545,4.295718998703959,45.936930257823754,1011.2947818210093
2025-05-16 10:52:56.059523,30.289816586606786,70.32579631658217,4.0583152904732005,38.23416853594656,1010.1692419217309
2025-05-16 10:57:56.059521,29.852299294930486,70.16846097626961,4.395279260682388,34.9672871736018,1010.5699392805645
2025-05-16 11:02:56.059515,30.65855753366993,69.88193147300892,3.3634435302974217,36.96089006452784,1010.6484972732806
2025-05-16 11:07:56.059370,29.98856596885056,69.00069776770509,3.8485675236315346,44.20310013252276,1010.2733667841007
2025-05-16 11:12:56.059369,29.880533950415153,69.63317558818531,3.8824725552868533,35.387949077507486,1010.8076878447347
2025-05-16 11:17:56.059367,29.83883976539433,71.21715852082549,4.4563948155767354,44.9915544907398,1009.784189843641
2025-05-16 11:22:56.059366,30.201865045168304,69.97580439360908,3.7288894417809617,41.62179640860801,1009.4104801044201
2025-05-16 11:27:56.059364,30.59383969423078,69.53538270270161,4.060347896761852,41.41643935773071,1009.8705475131479
2025-05-16 11:32:56.059363,30.29334690073764,69.52509634337747,4.261389189237173,33.27010159876626,1010.0631897897732
2025-05-16 11:37:56.059362,30.969464499529142,68.99966867539443,3.7966765088425447,42.569539248294575,1010.0897908909698
2025-05-16 11:42:56.059360,30.17531504963678,70.48918713014767,4.190416440568531,45.54849920978111,1010.2049093284643
2025-05-16 11:47:56.059359,29.87937117269073,70.67257370120274,4.5699645804685645,39.33683126808713,1009.5127353476647
2025-05-16 11:52:56.059358,30.553540334643486,69.8796188360464,3.348199136195789,44.23710838575211,1009.7323359070231
2025-05-16 11:57:56.059356,29.95473335884792,70.33198033056901,4.05714990393372,43.547259085695195,1009.7822568147151
2025-05-16 12:02:56.059355,30.256552899088042,69.74045332241609,4.221643144266251,43.07683742006527,1009.5322806489777
2025-05-16 12:07:56.059354,30.542991058087516,69.46403655488595,4.242417339484343,41.8364365670067,1010.9190918383975
2025-05-16 12:12:56.059352,29.888267008814076,69.6506832038818,3.9941741182336803,38.48410108582862,1010.399970950971
2025-05-16 12:17:56.059351,29.191844695781707,68.94631758085364,3.679659123526242,44.751537959867875,1010.855306686291
2025-05-16 12:22:56.059350,29.947775390731262,69.83117827681,4.021015648933955,45.80939151304095,1009.5363234329047
2025-05-16 12:27:56.059348,30.119184491367392,70.97519762978243,4.1503282509819535,40.94790808299372,1010.5005230462835
2025-05-16 12:32:56.059347,28.64838385350038,70.67787531953091,3.803777295061773,30.846835515717714,1010.2556012997625
2025-05-16 12:37:56.059345,30.68682927258148,69.86255148537231,4.285862364160882,48.06139128994323,1010.6574572267921
2025-05-16 12:42:56.059344,30.819982264685695,70.7421274910719,4.022630091670478,31.990170940514158,1009.8769687559351
2025-05-16 12:47:56.059342,29.578376702341902,72.17094271749781,3.947234256270299,40.61602403392243,1010.2757426880203
2025-05-16 12:52:56.059341,30.021801223186227,71.69505104043076,3.8132051914796645,40.97303727618621,1009.6287647071509
2025-05-16 12:57:56.059340,29.339988744389647,69.38823090909472,3.9888889608854763,37.8534888774137,1009.6537895100631
2025-05-16 13:02:56.059338,29.296841268164084,69.9168944273713,3.5485838877906994,43.80027981844801,1010.0412198764673
2025-05-16 13:07:56.059337,29.271224250267533,69.69079092295014,3.774353078322825,41.595872552095905,1010.6702252230116
2025-05-16 13:12:56.059335,29.062413765177126,70.11502607914741,3.9519601613300077,43.35670038225233,1010.1065983141189
2025-05-16 13:17:56.059334,29.62401533413059,69.68094606433338,3.7611922429589533,45.38003569299299,1010.010655824336
2025-05-16 13:22:56.059333,30.950595342876504,69.93933918618538,3.787477969926861,32.43142803693586,1009.098430161872
2025-05-16 13:27:56.059331,29.207932028497254,70.26712665101148,4.15261750696898,32.094046489839336,1010.4475191570381
2025-05-16 13:32:56.059330,29.75846947415828,70.14679301198555,4.483666188476628,44.48419657932766,1009.865734676047
2025-05-16 13:37:56.059329,29.554403887292356,67.8481845986707,3.784254004227274,38.94434880586153,1009.5064102364244
2025-05-16 13:42:56.059327,29.934371516453847,70.07685188295876,3.9325432054575766,36.7499870958827,1010.0843273359834
2025-05-16 13:47:56.059326,30.220970324784705,68.90960092255716,4.423279713923881,39.50705933857869,1010.0094248114724
2025-05-16 13:52:56.059325,30.35410721162828,70.2332161312635,4.285940990173973,41.43562082600912,1009.6937813126798
2025-05-16 13:57:56.059323,30.18075176260305,68.85627379267933,4.032567911732957,39.8338500467777,1009.8959415713638
2025-05-16 14:02:56.059319,29.935731244280536,68.11815095450235,3.8353825276777114,40.46422450570557,1010.0799281959987
2025-05-16 14:07:56.059316,29.48616242953702,71.2657078408647,3.74014754553565,44.84728600263368,1010.2135971809358
2025-05-16 14:12:56.059313,29.6768863450781,71.77531089260951,3.641908950473056,44.59577086805001,1010.5002911590215
2025-05-16 14:17:56.059311,29.664689895461677,71.39246530006433,3.9249860456203143,41.44346814639928,1010.1301609193856
2025-05-16 14:22:56.059309,29.932845629264726,70.81080827315978,4.238046616165664,31.257340133809095,1010.6521701214391
2025-05-16 14:27:56.059306,29.168754005982162,71.03254620434166,4.338011541048275,34.54516784892401,1009.7945928560227
2025-05-16 14:32:56.059304,29.447147665757033,69.78507896971126,3.9075897147442777,43.8983026613467,1010.6551543730598
2025-05-16 14:37:56.059302,30.697841905394977,69.4378319734217,3.9372334378766416,31.58280903889525,1009.5970649667519
2025-05-16 14:42:56.059299,30.48242581654873,71.61558282354824,3.6296953384360235,37.03767870423553,1009.9867971215206
2025-05-16 14:47:56.059297,30.140080579409805,69.19039648007835,4.127218313339227,37.63080326464542,1009.9927738645608
2025-05-16 14:52:56.059295,30.27314212400185,70.00642226981094,3.8690842328420296,39.451950980370846,1009.9558185203973
2025-05-16 14:57:56.059293,29.814994485058936,69.7412039373329,4.4795941511514155,42.8045972397062,1009.8522598409854
2025-05-16 15:02:56.059290,30.348477202255367,69.66618051024399,4.351937391275992,41.84821096099047,1009.9463489279979
2025-05-16 15:07:56.059288,30.223858462905138,68.4291238479315,3.6619697593270586,34.03037496800472,1010.0714715473819
2025-05-16 15:12:56.059286,30.866257499742545,72.23130014619264,4.1914153304322275,42.50422237472228,1009.0994711329237
2025-05-16 15:17:56.059283,29.72866310013299,69.21221624809176,3.813745720524665,39.15928090707605,1009.7639547111514
2025-05-16 15:22:56.059280,29.010350094812107,70.74791025611754,3.678177092278058,41.196234320555746,1011.037041334875
2025-05-16 15:27:56.059277,29.54030770420679,67.46971247725367,3.914198733435967,45.50479817499286,1010.9791737271103
2025-05-16 15:32:56.059274,29.385225202773793,70.49669922323652,3.8604068629659842,39.470258228479324,1011.3221716735085
2025-05-16 15:37:56.059272,29.248514835802425,70.25373966149458,4.14030795152963,45.42893162469674,1010.0489915767355
2025-05-16 15:42:56.059270,30.15402526975205,69.6083514325782,4.080738082373532,38.284038622512945,1010.310785944928
2025-05-16 15:47:56.059268,29.815194831978182,70.37710039390218,3.9912211558945065,45.63025125386084,1009.9743031382058
2025-05-16 15:52:56.059266,29.11348376589656,71.261921500714,3.7282803097412143,36.731168306755904,1009.7021693529782
2025-05-16 15:57:56.059264,30.687219046585408,67.86432578602131,4.941324560097998,45.28028404533026,1010.1116194570645
2025-05-16 16:02:56.059263,29.972552999691857,70.28555407485766,4.156336728513802,43.22607792975028,1010.2778022330017
2025-05-16 16:07:56.059261,30.044790340627625,69.80266157969267,3.9546180149039465,39.0254585982366,1010.5668850484335
2025-05-16 16:12:56.059260,30.29677836114043,67.05961136533573,4.1967702329589285,40.97368097359387,1009.990645621777
2025-05-16 16:17:56.059258,29.805740773455558,71.12411271998602,4.284257938636857,36.135611660881956,1010.2035261435623
2025-05-16 16:22:56.059257,29.514171632729358,68.62038183521106,3.8119848326230104,44.311967361913794,1010.476562522688
2025-05-16 16:27:56.059255,30.256542710048645,70.725095786848,4.1548534861344875,36.79259202388524,1010.2159612723369
2025-05-16 16:32:56.059254,30.400204762613843,70.75429132981357,4.356674011442393,43.54151923600532,1010.1757241037708
2025-05-16 16:37:56.059252,30.535075119158215,69.97347874075093,3.735437604631685,39.18466518028118,1009.6275486775968
2025-05-16 16:42:56.059251,29.66241086251281,69.85548132928449,3.7622740237000114,38.4601923518048,1009.0531926665232
2025-05-16 16:47:56.059249,30.10664685368647,70.00120547536223,3.7548734106795427,43.296228342162024,1010.4687850688133
2025-05-16 16:52:56.059248,29.196220067815513,69.23727522143379,3.7692572950638104,35.300484494455674,1010.4147374209658
2025-05-16 16:57:56.059246,29.903086930613597,69.73548515868939,3.398841290677974,43.17709015104613,1009.3803708025732
2025-05-16 17:02:56.059245,30.029966315133166,70.2773769379582,4.4081975787515955,33.45589800440444,1008.4902439220896
2025-05-16 17:07:56.059243,30.091924772376846,71.80051118151086,4.371683905881831,41.04829707637313,1009.7541819071839
2025-05-16 17:12:56.059242,30.403561298318657,69.02645380029553,4.142907330806866,42.52735079583314,1010.5301049537494
2025-05-16 17:17:56.059240,31.37983001945554,70.39241596717876,3.8473109122877505,39.872128439040026,1009.1154620475554
2025-05-16 17:22:56.059239,29.65264343445547,69.59071756188689,3.842773480619622,40.76177436016861,1009.5887900338089
2025-05-16 17:27:56.059237,30.560515333662234,70.0002070649182,3.997209903658416,38.36052641743541,1010.0775953419295
2025-05-16 17:32:56.059236,30.41254913233382,69.1328697842891,3.802565053277423,38.48136985611668,1009.3270645382634
2025-05-16 17:37:56.059234,29.590371070139252,69.52377912645534,4.262316754213818,41.31280664500962,1010.0967949556838
2025-05-16 17:42:56.059233,30.425448981083985,69.86262821160061,4.117139454978667,39.483891235337516,1010.1326811746998
2025-05-16 17:47:56.059231,29.708620671194208,67.56118284172356,3.959716251344109,47.1137406804997,1010.4631077011207
2025-05-16 17:52:56.059229,30.482698742295586,71.23613072180622,4.026597277288431,40.98657853702798,1009.6911740522828
2025-05-16 17:57:56.059228,29.841963571986476,70.61577114977113,4.361165331150644,39.302768621595,1009.7749053675743
2025-05-16 18:02:56.059226,30.000263979428297,70.60120674892912,3.5668435551599376,28.51909523431381,1009.7247315752542
2025-05-16 18:07:56.059225,29.38964378704292,69.49185980235269,3.9556659043547584,37.733757954884936,1010.7262337672354
2025-05-16 18:12:56.059223,30.16337238230116,70.30047435961083,4.18666214321302,34.30583441109616,1010.5195558937102
2025-05-16 18:17:56.059222,29.96211785673227,70.67048061724121,3.6784428300879535,32.23120616991968,1010.4089448290125
2025-05-16 18:22:56.059220,30.18820476304876,69.09794844564249,3.7391010756175915,45.62717392207385,1009.4052940535663
2025-05-16 18:27:56.059219,30.82133647662798,69.09937926535213,4.191517577682515,38.356907621255075,1010.3015937155411
2025-05-16 18:32:56.059217,29.727942998942904,69.8372070939277,4.0122757526187165,34.98906272109264,1010.3704121727101
2025-05-16 18:37:56.059216,29.743393216764208,69.77140008465999,3.7016951876174464,27.188331706023448,1009.9044861186999
2025-05-16 18:42:56.059214,31.206307710806456,70.78460428789802,3.9942218860796816,38.685545853958665,1010.011232946406
2025-05-16 18:47:56.059213,30.273559557587603,68.81918718469116,4.334296508400661,43.57690657720622,1010.3590928628539
2025-05-16 18:52:56.059211,30.219237869404864,70.01961665769399,4.201858370790046,42.95907066870689,1009.8229796445295
2025-05-16 18:57:56.059210,29.71319911355155,70.10185629526198,4.4647060454485565,33.804464621730496,1009.2662373671238
2025-05-16 19:02:56.059208,30.082380420618257,70.05088770185601,4.052002499311122,41.2197659895425,1009.8883988726826
2025-05-16 19:07:56.059207,30.74493171930104,68.39909602152349,3.7514508925659262,39.48372619925476,1009.1784055944229
2025-05-16 19:12:56.059205,29.912072797783964,71.66147016572802,4.006265946488789,41.153504528593416,1009.3699176174138
2025-05-16 19:17:56.059204,29.69181929598026,69.62480361967606,3.9046854709731296,46.40821897501884,1010.2788455303626
2025-05-16 19:22:56.059202,29.444271021531485,70.246504778432,4.149466524549036,45.700745192606334,1010.7902703432842
2025-05-16 19:27:56.059201,29.492452904086065,69.18914248878966,3.622726642325615,38.829900704465096,1010.2331791872232
2025-05-16 19:32:56.059199,30.49366725829455,69.92404897635748,3.9040457430235467,40.7587899612437,1009.582428549185
2025-05-16 19:37:56.059198,31.044769360847386,68.39233897288194,4.055422173668718,50.1180310961482,1010.00339992228
2025-05-16 19:42:56.059196,29.90498048249925,69.64255457718957,3.9458824954712775,46.86424237338265,1008.8940690443352
2025-05-16 19:47:56.059195,30.766716850648162,68.57604284754986,3.9200043012296755,37.85377789850669,1010.2942766348854
2025-05-16 19:52:56.059193,29.200937824058126,70.46217266608194,4.607292886986055,33.18412997703595,1010.0948530838052
2025-05-16 19:57:56.059191,29.669008911101695,70.42588720619304,4.005744333224726,36.792565454778455,1010.2439361424356
2025-05-16 20:02:56.059190,30.902174054893372,69.8090962082727,4.2159273826444545,33.53363521064418,1009.521781811591
2025-05-16 20:07:56.059188,30.236203138940187,71.48411602853596,4.106684004635698,38.43470984738423,1009.9996457027116
2025-05-16 20:12:56.059187,29.374796133015142,70.60451532635537,4.264699918697023,37.7395483358346,1009.7649789261202
2025-05-16 20:17:56.059185,30.132939114826023,69.5632802639594,3.980160215612253,50.49860894583258,1009.876487149627
2025-05-16 20:22:56.059184,29.82082992398939,69.35245819436484,4.223257591449981,39.09387913390948,1009.6753134808392
2025-05-16 20:27:56.059182,30.660652016136506,71.41960300451363,3.8198729302783883,30.66730024319692,1010.5037568449185
2025-05-16 20:32:56.059181,29.657685087119997,70.79062559916277,3.4089688546864494,44.462986691496546,1009.3944140353597
2025-05-16 20:37:56.059179,30.365382059533264,70.01427306783643,3.7138181741810063,37.9648184353661,1010.3431592284784
2025-05-16 20:42:56.059178,30.052947226557617,70.58441298047248,4.592932175354646,32.17879194144474,1010.8086062874843
2025-05-16 20:47:56.059176,30.052177968761608,69.10121595167688,3.600905912278303,39.054398046114834,1010.4608250559622
2025-05-16 20:52:56.059175,29.93622543981123,71.51115493024734,3.5646472929845325,39.93955526076973,1009.3738032777934
2025-05-16 20:57:56.059173,30.181815941312482,70.8868873900973,3.873771461895684,26.97893071686433,1010.0994740733983
2025-05-16 21:02:56.059172,30.218369275866756,70.4042947549617,4.370734657546646,34.644731601754756,1010.3401080527252
2025-05-16 21:07:56.059170,30.596253756238987,68.22141241599348,4.095895547775693,37.47910084496164,1009.9592386634491
2025-05-16 21:12:56.059169,30.173838241769168,69.51277143588645,3.7972875762515166,40.170762087440124,1009.4563770305685
2025-05-16 21:17:56.059167,29.45708743555741,70.6793732829565,3.655361789452403,43.331562504546056,1010.2312956464269
2025-05-16 21:22:56.059166,29.137096635604703,69.32243534766434,4.358232820914211,35.09417234430159,1009.7677978688453
2025-05-16 21:27:56.059164,30.231030446625947,70.7833905092826,3.9245383341866513,37.012449026541795,1010.7111849308493
2025-05-16 21:32:56.059163,30.86944983189879,70.9788580507818,4.025595442769507,35.95867139179537,1009.5847777967217
2025-05-16 21:37:56.059161,30.261257052632878,70.41839822088869,4.4204795778839285,43.25225046268069,1009.2484598491201
2025-05-16 21:42:56.059160,30.52597380886146,69.00193937268558,3.8848086184142945,41.251001031258475,1010.997833744892
2025-05-16 21:47:56.059158,31.55495927800268,70.60672305913619,3.9450410143838837,42.67252824240275,1010.4438277129369
2025-05-16 21:52:56.059157,29.839666187221404,71.79521135591233,4.06902122775742,42.48871544545697,1010.3329621260273
2025-05-16 21:57:56.059155,30.210793305307227,70.83894050046962,3.814824044035923,37.20849123026985,1009.4499228835142
2025-05-16 22:02:56.059154,30.21975061531011,70.77893650351211,4.137331859845566,48.37246216673769,1009.9972019905855
2025-05-16 22:07:56.059152,30.334370827796256,68.90829912386069,3.88387008925768,43.47768878782889,1010.4245510553716
2025-05-16 22:12:56.059151,29.85301652616791,69.92840074814194,3.544637875995757,38.214853995966955,1010.4451915817599
2025-05-16 22:17:56.059149,30.287602508053283,70.50066572138121,4.014932106154288,40.03531579314088,1009.6698394302633
2025-05-16 22:22:56.059148,30.349414210101266,70.42097294438939,4.1476056543978395,37.3698257866621,1008.9233285400644
2025-05-16 22:27:56.059146,30.548576355876847,69.5211625439916,3.741167270787064,43.46739455956997,1009.8039936800404
2025-05-16 22:32:56.059145,30.52996819202331,70.6170059495767,4.205070796960143,33.17022144399733,1010.6059719926932
2025-05-16 22:37:56.059143,30.130625265616928,69.63072286075379,4.043016540202675,31.1188238355084,1010.2043264057403
2025-05-16 22:42:56.059142,29.485314245908963,68.64732971415647,3.5432922441346326,45.563441874949625,1009.6853683031536
2025-05-16 22:47:56.059140,30.76686385495825,69.4641985369477,3.487792612722116,34.4173778002567,1010.6179058100034
2025-05-16 22:52:56.059139,29.922050911031665,69.4517127035094,4.048005467755837,42.50891368083772,1010.5586994079513
2025-05-16 22:57:56.059137,30.724249614946462,69.64023135421091,3.6021856941753887,37.93267419438362,1010.1301402532914
2025-05-16 23:02:56.059136,29.518120536894696,69.04284908510496,4.103136364464966,39.75673824214775,1010.0163984977058
2025-05-16 23:07:56.059134,29.620752332649964,69.76959928579423,3.7227300567195085,44.450992055623935,1010.5176246673619
2025-05-16 23:12:56.059132,29.07690606888095,69.07048913980759,3.5510412234729762,36.749880327965506,1009.9582810151048
2025-05-16 23:17:56.059131,29.275177390150734,69.07814018687469,3.6988127883755504,41.03633664699472,1010.0346721685181
2025-05-16 23:22:56.059129,29.639131223331372,70.1768208721394,3.8359959746238204,38.641724448369736,1010.8367260451492
2025-05-16 23:27:56.059128,30.670230525895175,68.7004187630724,4.248919725363752,44.05698277245796,1009.4258683556237
2025-05-16 23:32:56.059126,30.40938882187743,71.53793191841255,3.663236558126676,35.41248589492868,1010.5088307334217
2025-05-16 23:37:56.059125,30.135747655412825,70.55147627523952,4.102176764920149,41.95347960464072,1009.3367639358445
2025-05-16 23:42:56.059123,30.523658853310724,71.16958999242777,3.9311827767795915,39.78261525093069,1009.2344462487222
2025-05-16 23:47:56.059122,30.257127378008917,70.57205744171415,3.981342694900207,45.621766799352514,1009.83296138451
2025-05-16 23:52:56.059120,30.2823029629468,68.98033566130789,3.9929343547377285,39.12822871048582,1010.1126539610204
2025-05-16 23:57:56.059119,29.81523653558332,69.86852740432833,4.247814151432452,37.81617881380891,1009.1967114496307
2025-05-17 00:02:56.059117,30.87479195210271,71.38145407869048,3.6123211914683147,43.44853902622597,1009.7485126147243
2025-05-17 00:07:56.059116,30.13174360766553,70.2942241290135,3.9296776599051033,36.08117167206802,1009.6547294738418
2025-05-17 00:12:56.059114,29.54190404225938,69.16817779176955,3.979846512985193,36.42120005444624,1010.3410260328563
2025-05-17 00:17:56.059112,30.743623077667962,69.41994675862996,4.071821350160613,42.49842555151467,1010.2360011354597
2025-05-17 00:22:56.059111,30.037977633958043,70.74268241835972,4.144674685804197,33.81168788836351,1010.4345780321946
2025-05-17 00:27:56.059109,30.44364541863337,69.23671389582142,4.011381350634281,43.416644964055344,1009.8953430902103
2025-05-17 00:32:56.059108,30.536489023883007,72.36387249461936,3.7642041902095054,33.094776984231125,1010.1519092978025
2025-05-17 00:37:56.059106,30.360781252563072,69.76913362615524,4.4359781989963105,33.30697100138376,1010.3464593115158
2025-05-17 00:42:56.059105,29.697069589620554,71.7193779062073,4.597754605950436,36.16671706108326,1009.7252214320457
2025-05-17 00:47:56.059103,30.4297939434899,69.61286935021049,3.9863766346203287,40.12694210271205,1009.0401634219012
2025-05-17 00:52:56.059102,29.99308112695288,69.31027222593583,3.8520631532800684,47.21816001734407,1009.3717465528604
